CC,COUNTRY,REACTOR_CODE,REACTOR_NAME,TYPE,MODEL,MWT,MWE_G,MWE_N,OPERATOR,NSSS_SUPPLIER,CONST_START,GRID_CONN,OP_START,EAF_PCT,UCF_PCT,NON_ELEC
ar,ARGENTINA,AR-1,ATUCHA-1,PHWR,PHWR KWU,1179,362,340,NASA,SIEMENS,06-1968,03-1974,06-1974,81.6,81.8,-
ar,ARGENTINA,AR-3,ATUCHA-2,PHWR,PHWR KWU,2160,745,693,NASA,SIEMENS,07-1981,06-2020,05-2020,56.8,56.8,-
ar,ARGENTINA,AR-2,EMBALSE,PHWR,CANDU 6,2064,656,608,NASA,AECL,04-1974,04-1983,01-1984,54.8,54.9,-
am,ARMENIA,AM-19,ARMENIAN-2,PWR,VVER V-270,1375,408,375,ANPPCJSC,FAEA,07-1975,01-1980,05-1980,66.9,68.8,-
be,BELGIUM,BE-2,DOEL-1,PWR,WH 2LP,1311,454,445,EBL+EDF,ACECOWEN,07-1969,08-1974,02-1975,80.9,81.3,-
be,BELGIUM,BE-4,DOEL-2,PWR,WH 2LP,1311,454,433,EBL+EDF,ACECOWEN,09-1971,08-1975,12-1975,80.9,81.4,-
be,BELGIUM,BE-5,DOEL-3,PWR,WH 3LP,3054,1056,1006,EBL+EDF,FRAMACEC,01-1975,06-1982,10-1982,58.2,58.4,-
be,BELGIUM,BE-7,DOEL-4,PWR,WH 3LP,2988,1090,1038,EBL+EDF,ACECOWEN,12-1978,04-1985,07-1985,82.7,83,-
be,BELGIUM,BE-3,TIHANGE-1,PWR,Framatome 3 lo,2873,1009,962,EBL,ACLF,06-1970,03-1975,10-1975,74.4,75.4,-
be,BELGIUM,BE-6,TIHANGE-2,PWR,WH 3LP,3064,1055,1008,EBL,FRAMACEC,04-1976,10-1982,06-1983,60.2,60.4,-
be,BELGIUM,BE-8,TIHANGE-3,PWR,WH 3LP,3000,1089,1038,EBL,ACECOWEN,11-1978,06-1985,09-1985,84.1,85,-
br,BRAZIL,BR-1,ANGRA-1,PWR,WH 2LP,1882,640,609,ELETRONU,WH,05-1971,04-1982,01-1985,84.7,84.9,-
br,BRAZIL,BR-2,ANGRA-2,PWR,PRE KONVOI,3764,1350,1275,ELETRONU,KWU,01-1976,07-2000,02-2020,90.7,91.3,-
bg,BULGARIA,BG-5,KOZLODUY-5,PWR,VVER V-320,3000,1000,1003,KOZNPP,AEE,07-1980,11-1987,12-1988,88,88.4,DH
bg,BULGARIA,BG-6,KOZLODUY-6,PWR,VVER V-320,3120,1040,1003,KOZNPP,AEE,04-1982,08-1991,12-1993,87.6,88.3,DH
ca,CANADA,CA-8,BRUCE-1,PHWR,CANDU 791,2620,830,760,BRUCEPOW,OH/AECL,06-1971,01-1977,09-1977,87.5,87.5,-
ca,CANADA,CA-9,BRUCE-2,PHWR,CANDU 791,2620,830,760,BRUCEPOW,OH/AECL,12-1970,09-1976,09-1977,87.4,87.5,-
ca,CANADA,CA-10,BRUCE-3,PHWR,CANDU 750A,2550,830,750,BRUCEPOW,OH/AECL,07-1972,12-1977,02-1978,76.1,76.3,-
ca,CANADA,CA-11,BRUCE-4,PHWR,CANDU 750A,2550,830,750,BRUCEPOW,OH/AECL,09-1972,12-1978,01-1979,82.3,82.4,-
ca,CANADA,CA-18,BRUCE-5,PHWR,CANDU 750B,2832,872,817,BRUCEPOW,OH/AECL,06-1978,12-1984,03-1985,88.5,88.7,-
ca,CANADA,CA-19,BRUCE-6,PHWR,CANDU 750B,2690,891,817,BRUCEPOW,OH/AECL,01-1978,06-1984,09-1984,89.4,89.6,-
ca,CANADA,CA-20,BRUCE-7,PHWR,CANDU 750B,2832,872,817,BRUCEPOW,OH/AECL,05-1979,02-1986,04-1986,88.1,88.2,-
ca,CANADA,CA-21,BRUCE-8,PHWR,CANDU 750B,2690,872,817,BRUCEPOW,OH/AECL,08-1979,03-1987,05-1987,88.4,88.5,-
ca,CANADA,CA-22,DARLINGTON-1,PHWR,CANDU 850,2776,934,878,OPG,OH/AECL,04-1982,12-1990,11-1992,87,87.9,-
ca,CANADA,CA-23,DARLINGTON-2,PHWR,CANDU 850,2776,934,878,OPG,OH/AECL,09-1981,01-1990,10-1990,59.3,60,-
ca,CANADA,CA-24,DARLINGTON-3,PHWR,CANDU 850,2776,934,878,OPG,OH/AECL,09-1984,12-1992,02-1993,88.5,89.3,-
ca,CANADA,CA-25,DARLINGTON-4,PHWR,CANDU 850,2776,934,878,OPG,OH/AECL,07-1985,04-1993,06-1993,85.2,85.9,-
ca,CANADA,CA-4,PICKERING-1,PHWR,CANDU 500A,1744,542,515,OPG,OH/AECL,06-1966,04-1971,07-1971,72.9,73.4,-
ca,CANADA,CA-7,PICKERING-4,PHWR,CANDU 500A,1744,542,515,OPG,OH/AECL,05-1968,05-1973,06-1973,74.4,74.8,-
ca,CANADA,CA-13,PICKERING-5,PHWR,CANDU 500B,1744,540,516,OPG,OH/AECL,11-1974,12-1982,05-1983,76.4,77.4,-
ca,CANADA,CA-14,PICKERING-6,PHWR,CANDU 500B,1744,540,516,OPG,OH/AECL,10-1975,11-1983,02-1984,81.8,82.7,-
ca,CANADA,CA-15,PICKERING-7,PHWR,CANDU 500B,1744,540,516,OPG,OH/AECL,03-1976,11-1984,01-1985,78.5,79.1,-
ca,CANADA,CA-16,PICKERING-8,PHWR,CANDU 500B,1744,540,516,OPG,OH/AECL,09-1976,01-1986,02-1986,74.5,75,-
ca,CANADA,CA-17,POINT LEPREAU,PHWR,CANDU 6,2180,705,660,NBEPC,AECL,05-1975,09-1982,02-1983,57.9,57.9,-
cn,CHINA,CN-84,CEFR,FBR,BN-20,65,25,20,CIAE,IZ,05-2000,07-2020,-,-,-,-
cn,CHINA,CN-36,CHANGJIANG-1,PWR,CNP-600,1930,650,601,HNPC,DEC,04-2020,11-2020,12-2020,87.2,87.2,-
cn,CHINA,CN-37,CHANGJIANG-2,PWR,CNP-600,1930,650,601,HNPC,DEC,11-2020,06-2020,08-2020,87.5,87.5,-
cn,CHINA,CN-2,DAYA BAY-1,PWR,M310,2905,984,944,DNMC,FRAM,08-1987,08-1993,02-1994,90.6,90.7,-
cn,CHINA,CN-3,DAYA BAY-2,PWR,M310,2905,984,944,DNMC,FRAM,04-1988,02-1994,05-1994,90.6,90.7,-
cn,CHINA,CN-38,FANGCHENGGANG-1,PWR,CPR-1000,2905,1086,1000,GFNPC,DEC,07-2020,10-2020,01-2020,91.6,91.7,-
cn,CHINA,CN-39,FANGCHENGGANG-2,PWR,CPR-1000,2905,1086,1000,GFNPC,DEC,12-2020,07-2020,10-2020,91.5,91.5,-
cn,CHINA,CN-24,FANGJIASHAN-1,PWR,CPR-1000,2905,1089,1012,QNPC,NPIC,12-2020,11-2020,12-2020,90.9,91.4,-
cn,CHINA,CN-25,FANGJIASHAN-2,PWR,CPR-1000,2905,1089,1012,QNPC,NPIC,07-2020,01-2020,02-2020,90.8,91.1,-
cn,CHINA,CN-20,FUQING-1,PWR,CNP-1000,2905,1089,1000,FQNP,NPIC,11-2020,08-2020,11-2020,87.9,88,-
cn,CHINA,CN-21,FUQING-2,PWR,CNP-1000,2905,1089,1000,FQNP,NPIC,06-2020,08-2020,10-2020,88.4,88.6,-
cn,CHINA,CN-42,FUQING-3,PWR,CNP-1000,2905,1089,1000,FQNP,NPIC,12-2020,09-2020,10-2020,89.3,89.5,-
cn,CHINA,CN-43,FUQING-4,PWR,CNP-1000,2905,1089,1000,FQNP,NPIC,11-2020,07-2020,09-2020,86.3,86.5,-
cn,CHINA,CN-30,HAIYANG-1,PWR,AP-1000,3415,1250,1170,SDNPC,WH,09-2020,08-2020,10-2020,96.1,96.9,-
cn,CHINA,CN-31,HAIYANG-2,PWR,AP-1000,3415,1250,1170,SDNPC,WH,06-2020,10-2020,01-2020,97.4,98.4,-
cn,CHINA,CN-16,HONGYANHE-1,PWR,CPR-1000,2905,1119,1061,LHNPC,DEC,08-2020,02-2020,06-2020,87.4,88.2,-
cn,CHINA,CN-17,HONGYANHE-2,PWR,CPR-1000,2905,1119,1061,LHNPC,DEC,03-2020,11-2020,05-2020,84.9,85.9,-
cn,CHINA,CN-26,HONGYANHE-3,PWR,CPR-1000,2905,1119,1061,LHNPC,DEC,03-2020,03-2020,08-2020,88,89.3,-
cn,CHINA,CN-27,HONGYANHE-4,PWR,CPR-1000,2905,1119,1061,LHNPC,DEC,08-2020,04-2020,06-2020,88.6,89.7,-
cn,CHINA,CN-6,LING AO-1,PWR,M310,2905,990,950,DNMC,FRAM,05-1997,02-2020,05-2020,90.6,91,-
cn,CHINA,CN-7,LING AO-2,PWR,M310,2905,990,950,DNMC,FRAM,11-1997,09-2020,01-2020,91.5,91.9,-
cn,CHINA,CN-12,LING AO-3,PWR,CPR-1000,2905,1086,1007,DNMC,DEC,12-2020,07-2020,09-2020,87.9,88.2,-
cn,CHINA,CN-13,LING AO-4,PWR,CPR-1000,2905,1086,1007,DNMC,DEC,06-2020,05-2020,08-2020,89.8,90.1,-
cn,CHINA,CN-18,NINGDE-1,PWR,CPR-1000,2905,1089,1018,NDNP,DEC,02-2020,12-2020,04-2020,86.8,86.9,-
cn,CHINA,CN-19,NINGDE-2,PWR,CPR-1000,2905,1089,1018,NDNP,SHE,11-2020,01-2020,05-2020,90.3,90.3,-
cn,CHINA,CN-34,NINGDE-3,PWR,CPR-1000,2905,1089,1018,NDNP,CFHI,01-2020,03-2020,06-2020,90.4,90.4,-
cn,CHINA,CN-35,NINGDE-4,PWR,CPR-1000,2905,1089,1018,NDNP,CFHI,09-2020,03-2020,07-2020,92.6,92.6,-
cn,CHINA,CN-4,QINSHAN 2-1,PWR,CNP-600,1930,650,610,NPQJVC,CNNC,06-1996,02-2020,04-2020,87.5,87.6,-
cn,CHINA,CN-5,QINSHAN 2-2,PWR,CNP-600,1930,650,610,NPQJVC,CNNC,04-1997,03-2020,05-2020,88.3,88.3,-
cn,CHINA,CN-14,QINSHAN 2-3,PWR,CNP-600,1930,660,619,NPQJVC,CNNC,04-2020,08-2020,10-2020,91,91,-
cn,CHINA,CN-15,QINSHAN 2-4,PWR,CNP-600,1930,660,619,NPQJVC,CNNC,01-2020,11-2020,12-2020,90.3,90.4,-
cn,CHINA,CN-8,QINSHAN 3-1,PHWR,CANDU 6,2064,728,677,TQNPC,AECL,06-1998,11-2020,12-2020,90.6,91,-
cn,CHINA,CN-9,QINSHAN 3-2,PHWR,CANDU 6,2064,728,677,TQNPC,AECL,09-1998,06-2020,07-2020,91.7,92.2,-
cn,CHINA,CN-1,QINSHAN-1,PWR,CNP-300,966,330,298,CNNO,CNNC,03-1985,12-1991,04-1994,87.1,87.2,-
cn,CHINA,CN-28,SANMEN-1,PWR,AP-1000,3400,1251,1157,SMNPC,WH/MHI,04-2020,06-2020,09-2020,92.9,93.8,-
cn,CHINA,CN-29,SANMEN-2,PWR,AP-1000,3400,1251,1157,SMNPC,WH/MHI,12-2020,08-2020,11-2020,19.9,19.9,-
cn,CHINA,CN-32,TAISHAN-1,PWR,EPR-1750,4590,1750,1660,TNPJVC,AREVA,11-2020,06-2020,12-2020,90.3,90.3,-
cn,CHINA,CN-33,TAISHAN-2,PWR,EPR-1750,4590,1750,1660,TNPJVC,AREVA,04-2020,06-2020,-,-,-,
cn,CHINA,CN-10,TIANWAN-1,PWR,VVER V-428,3000,1060,990,JNPC,IZ,10-1999,05-2020,05-2020,89.3,89.4,-
cn,CHINA,CN-11,TIANWAN-2,PWR,VVER V-428,3000,1060,990,JNPC,IZ,09-2000,05-2020,08-2020,89.5,89.7,-
cn,CHINA,CN-45,TIANWAN-3,PWR,VVER V-428M,3000,1126,1045,JNPC,IZ,12-2020,12-2020,02-2020,85.8,86.2,-
cn,CHINA,CN-46,TIANWAN-4,PWR,VVER V-428M,3000,1126,1045,JNPC,IZ,09-2020,10-2020,12-2020,84.6,84.7,-
cn,CHINA,CN-49,TIANWAN-5,PWR,CNP-1000,2905,1118,1000,JNPC,-,12-2020,08-2020,09-2020,-,-,-
cn,CHINA,CN-22,YANGJIANG-1,PWR,CPR-1000,2905,1086,1000,YJNPC,CFHI,12-2020,12-2020,03-2020,89.3,89.3,-
cn,CHINA,CN-23,YANGJIANG-2,PWR,CPR-1000,2905,1086,1000,YJNPC,CFHI,06-2020,03-2020,06-2020,90.3,90.4,-
cn,CHINA,CN-40,YANGJIANG-3,PWR,CPR-1000,2905,1086,1000,YJNPC,CFHI,11-2020,10-2020,01-2020,92.1,92.4,-
cn,CHINA,CN-41,YANGJIANG-4,PWR,CPR-1000,2905,1086,1000,YJNPC,CFHI,11-2020,01-2020,03-2020,88.5,88.6,-
cn,CHINA,CN-47,YANGJIANG-5,PWR,ACPR-1000,2905,1086,1000,YJNPC,CFHI,09-2020,05-2020,07-2020,88,88.3,-
cn,CHINA,CN-48,YANGJIANG-6,PWR,ACPR-1000,2905,1086,1000,YJNPC,CFHI,12-2020,06-2020,07-2020,100,100,-
cz,CZECH REP.,CZ-4,DUKOVANY-1,PWR,VVER V-213,1444,500,468,CEZ,SKODA,01-1979,02-1985,05-1985,82.5,83.3,-
cz,CZECH REP.,CZ-5,DUKOVANY-2,PWR,VVER V-213,1444,500,471,CEZ,SKODA,01-1979,01-1986,03-1986,77.3,78.4,-
cz,CZECH REP.,CZ-8,DUKOVANY-3,PWR,VVER V-213,1444,500,468,CEZ,SKODA,03-1979,11-1986,12-1986,79.5,80.6,-
cz,CZECH REP.,CZ-9,DUKOVANY-4,PWR,VVER V-213,1444,500,471,CEZ,SKODA,03-1979,06-1987,07-1987,82.9,83.8,-
cz,CZECH REP.,CZ-23,TEMELIN-1,PWR,VVER V-320,3120,1082,1027,CEZ,SKODA,02-1987,12-2000,06-2020,80.8,81.3,DH
cz,CZECH REP.,CZ-24,TEMELIN-2,PWR,VVER V-320,3120,1082,1027,CEZ,SKODA,02-1987,12-2020,04-2020,78.2,78.3,DH
fi,FINLAND,FI-1,LOVIISA-1,PWR,VVER V-213,1500,531,507,FORTUMPH,AEE,05-1971,02-1977,05-1977,91.2,92.2,-
fi,FINLAND,FI-2,LOVIISA-2,PWR,VVER V-213,1500,531,507,FORTUMPH,AEE,08-1972,11-1980,01-1981,90.9,91.9,-
fi,FINLAND,FI-3,OLKILUOTO-1,BWR,"AA-III, BWR-25",2500,920,890,TVO,ASEASTAL,02-1974,09-1978,10-1979,93,93.8,-
fi,FINLAND,FI-4,OLKILUOTO-2,BWR,"AA-III, BWR-25",2500,920,890,TVO,ASEASTAL,11-1975,02-1980,07-1982,91.9,92.7,-
fr,FRANCE,FR-54,BELLEVILLE-1,PWR,P4 REP 1300,3817,1363,1310,EDF,FRAM,05-1980,10-1987,06-1988,78,79.4,-
fr,FRANCE,FR-55,BELLEVILLE-2,PWR,P4 REP 1300,3817,1363,1310,EDF,FRAM,08-1980,07-1988,01-1989,75,76.7,-
fr,FRANCE,FR-32,BLAYAIS-1,PWR,CP1,2785,951,910,EDF,FRAM,01-1977,06-1981,12-1981,78.2,81.4,-
fr,FRANCE,FR-33,BLAYAIS-2,PWR,CP1,2785,951,910,EDF,FRAM,01-1977,07-1982,02-1983,80.6,82.1,-
fr,FRANCE,FR-34,BLAYAIS-3,PWR,CP1,2785,951,910,EDF,FRAM,04-1978,08-1983,11-1983,75.4,76.5,-
fr,FRANCE,FR-35,BLAYAIS-4,PWR,CP1,2785,951,910,EDF,FRAM,04-1978,05-1983,10-1983,77,79.2,-
fr,FRANCE,FR-13,BUGEY-2,PWR,CP0,2785,945,910,EDF,FRAM,11-1972,05-1978,03-1979,75.2,78,-
fr,FRANCE,FR-14,BUGEY-3,PWR,CP0,2785,945,910,EDF,FRAM,09-1973,09-1978,03-1979,70.9,75,-
fr,FRANCE,FR-15,BUGEY-4,PWR,CP0,2785,917,880,EDF,FRAM,06-1974,03-1979,07-1979,80.5,81.6,-
fr,FRANCE,FR-16,BUGEY-5,PWR,CP0,2785,917,880,EDF,FRAM,07-1974,07-1979,01-1980,63.1,64.9,-
fr,FRANCE,FR-50,CATTENOM-1,PWR,P4 REP 1300,3817,1362,1300,EDF,FRAM,10-1979,11-1986,04-1987,73.4,75.1,-
fr,FRANCE,FR-53,CATTENOM-2,PWR,P4 REP 1300,3817,1362,1300,EDF,FRAM,07-1980,09-1987,02-1988,77,79.5,-
fr,FRANCE,FR-60,CATTENOM-3,PWR,P4 REP 1300,3817,1362,1300,EDF,FRAM,06-1982,07-1990,02-1991,77.9,80.2,-
fr,FRANCE,FR-65,CATTENOM-4,PWR,P4 REP 1300,3817,1362,1300,EDF,FRAM,09-1983,05-1991,01-1992,76.4,80.1,-
fr,FRANCE,FR-40,CHINON B-1,PWR,CP2,2785,954,905,EDF,FRAM,03-1977,11-1982,02-1984,73.9,74.7,-
fr,FRANCE,FR-41,CHINON B-2,PWR,CP2,2785,954,905,EDF,FRAM,03-1977,11-1983,08-1984,72.3,75.4,-
fr,FRANCE,FR-56,CHINON B-3,PWR,CP2,2785,954,905,EDF,FRAM,10-1980,10-1986,03-1987,79.4,80.2,-
fr,FRANCE,FR-57,CHINON B-4,PWR,CP2,2785,954,905,EDF,FRAM,02-1981,11-1987,04-1988,79,79.9,-
fr,FRANCE,FR-62,CHOOZ B-1,PWR,N4 REP 1450,4270,1560,1500,EDF,FRAM,01-1984,08-1996,05-2000,80.2,83,-
fr,FRANCE,FR-70,CHOOZ B-2,PWR,N4 REP 1450,4270,1560,1500,EDF,FRAM,12-1985,04-1997,09-2000,76.6,82.2,-
fr,FRANCE,FR-72,CIVAUX-1,PWR,N4 REP 1450,4270,1561,1495,EDF,FRAM,10-1988,12-1997,01-2020,77.5,80.3,-
fr,FRANCE,FR-73,CIVAUX-2,PWR,N4 REP 1450,4270,1561,1495,EDF,FRAM,04-1991,12-1999,04-2020,75.7,81.1,-
fr,FRANCE,FR-42,CRUAS-1,PWR,CP2,2785,956,915,EDF,FRAM,08-1978,04-1983,04-1984,71.7,73.8,-
fr,FRANCE,FR-43,CRUAS-2,PWR,CP2,2785,956,915,EDF,FRAM,11-1978,09-1984,04-1985,75,79,-
fr,FRANCE,FR-44,CRUAS-3,PWR,CP2,2785,956,915,EDF,FRAM,04-1979,05-1984,09-1984,73.1,78.5,-
fr,FRANCE,FR-45,CRUAS-4,PWR,CP2,2785,956,915,EDF,FRAM,10-1979,10-1984,02-1985,70.7,73.4,-
fr,FRANCE,FR-22,DAMPIERRE-1,PWR,CP1,2785,937,890,EDF,FRAM,02-1975,03-1980,09-1980,79,80.3,-
fr,FRANCE,FR-29,DAMPIERRE-2,PWR,CP1,2785,937,890,EDF,FRAM,04-1975,12-1980,02-1981,77.5,79,-
fr,FRANCE,FR-30,DAMPIERRE-3,PWR,CP1,2785,937,890,EDF,FRAM,09-1975,01-1981,05-1981,78.4,80.9,-
fr,FRANCE,FR-31,DAMPIERRE-4,PWR,CP1,2785,937,890,EDF,FRAM,12-1975,08-1981,11-1981,74.7,77.6,-
fr,FRANCE,FR-46,FLAMANVILLE-1,PWR,P4 REP 1300,3817,1382,1330,EDF,FRAM,12-1979,12-1985,12-1986,69.4,70.8,-
fr,FRANCE,FR-47,FLAMANVILLE-2,PWR,P4 REP 1300,3817,1382,1330,EDF,FRAM,05-1980,07-1986,03-1987,71.7,74.3,-
fr,FRANCE,FR-61,GOLFECH-1,PWR,P4 REP 1300,3817,1363,1310,EDF,FRAM,11-1982,06-1990,02-1991,83.9,87,-
fr,FRANCE,FR-68,GOLFECH-2,PWR,P4 REP 1300,3817,1363,1310,EDF,FRAM,10-1984,06-1993,03-1994,82.5,83.7,-
fr,FRANCE,FR-20,GRAVELINES-1,PWR,CP1,2785,951,910,EDF,FRAM,02-1975,03-1980,11-1980,69.8,72.3,-
fr,FRANCE,FR-21,GRAVELINES-2,PWR,CP1,2785,951,910,EDF,FRAM,03-1975,08-1980,12-1980,71.1,75.7,-
fr,FRANCE,FR-27,GRAVELINES-3,PWR,CP1,2785,951,910,EDF,FRAM,12-1975,12-1980,06-1981,74,75.2,-
fr,FRANCE,FR-28,GRAVELINES-4,PWR,CP1,2785,951,910,EDF,FRAM,04-1976,06-1981,10-1981,77.6,79.3,-
fr,FRANCE,FR-51,GRAVELINES-5,PWR,CP1,2785,951,910,EDF,FRAM,10-1979,08-1984,01-1985,67,68.4,-
fr,FRANCE,FR-52,GRAVELINES-6,PWR,CP1,2785,951,910,EDF,FRAM,10-1979,08-1985,10-1985,77.4,79.4,-
fr,FRANCE,FR-58,NOGENT-1,PWR,P4 REP 1300,3817,1363,1310,EDF,FRAM,05-1981,10-1987,02-1988,78.4,80.8,-
fr,FRANCE,FR-59,NOGENT-2,PWR,P4 REP 1300,3817,1363,1310,EDF,FRAM,01-1982,12-1988,05-1989,82.8,85,-
fr,FRANCE,FR-36,PALUEL-1,PWR,P4 REP 1300,3817,1382,1330,EDF,FRAM,08-1977,06-1984,12-1985,76.1,78.3,-
fr,FRANCE,FR-37,PALUEL-2,PWR,P4 REP 1300,3817,1382,1330,EDF,FRAM,01-1978,09-1984,12-1985,57.1,58.1,-
fr,FRANCE,FR-38,PALUEL-3,PWR,P4 REP 1300,3817,1382,1330,EDF,FRAM,02-1979,09-1985,02-1986,70.2,74.4,-
fr,FRANCE,FR-39,PALUEL-4,PWR,P4 REP 1300,3817,1382,1330,EDF,FRAM,02-1980,04-1986,06-1986,74.6,77.3,-
fr,FRANCE,FR-63,PENLY-1,PWR,P4 REP 1300,3817,1382,1330,EDF,FRAM,09-1982,05-1990,12-1990,81.1,82.2,-
fr,FRANCE,FR-64,PENLY-2,PWR,P4 REP 1300,3817,1382,1330,EDF,FRAM,08-1984,02-1992,11-1992,80,81.6,-
fr,FRANCE,FR-48,ST. ALBAN-1,PWR,P4 REP 1300,3817,1381,1335,EDF,FRAM,01-1979,08-1985,05-1986,77.8,81.4,-
fr,FRANCE,FR-49,ST. ALBAN-2,PWR,P4 REP 1300,3817,1381,1335,EDF,FRAM,07-1979,07-1986,03-1987,76.8,79.9,-
fr,FRANCE,FR-17,ST. LAURENT B-1,PWR,CP2,2785,956,915,EDF,FRAM,05-1976,01-1981,08-1983,74.8,78.4,-
fr,FRANCE,FR-23,ST. LAURENT B-2,PWR,CP2,2785,956,915,EDF,FRAM,07-1976,06-1981,08-1983,71.2,74,-
fr,FRANCE,FR-18,TRICASTIN-1,PWR,CP1,2785,955,915,EDF,FRAM,11-1974,05-1980,12-1980,69.6,72.5,-
fr,FRANCE,FR-19,TRICASTIN-2,PWR,CP1,2785,955,915,EDF,FRAM,12-1974,08-1980,12-1980,71.9,78,-
fr,FRANCE,FR-25,TRICASTIN-3,PWR,CP1,2785,955,915,EDF,FRAM,04-1975,02-1981,05-1981,72,78.3,-
fr,FRANCE,FR-26,TRICASTIN-4,PWR,CP1,2785,955,915,EDF,FRAM,05-1975,06-1981,11-1981,77.3,79.4,-
de,GERMANY,DE-32,BROKDORF,PWR,PWR,3900,1480,1410,PElectra,KWU,01-1976,10-1986,12-1986,84.2,84.5,-
de,GERMANY,DE-33,EMSLAND,PWR,Konvoi,3850,1406,1335,KLE,KWU,08-1982,04-1988,06-1988,93.6,94.1,-
de,GERMANY,DE-27,GROHNDE,PWR,PWR,3900,1430,1360,PElectra,KWU,06-1976,09-1984,02-1985,85.5,86.7,-
de,GERMANY,DE-28,GUNDREMMINGEN-C,BWR,BWR-72,3840,1344,1288,KGG,KWU,07-1976,11-1984,01-1985,87.7,88.5,-
de,GERMANY,DE-31,ISAR-2,PWR,Konvoi,3950,1485,1410,PElectra,KWU,09-1982,01-1988,04-1988,92.8,93.2,-
de,GERMANY,DE-44,NECKARWESTHEIM-2,PWR,Konvoi,3850,1400,1310,EnKK,KWU,11-1982,01-1989,04-1989,90.2,90.7,-
hu,HUNGARY,HU-1,PAKS-1,PWR,VVER V-213,1485,500,479,PAKS Zrt,AEE,08-1974,12-1982,08-1983,89.1,89.4,-
hu,HUNGARY,HU-2,PAKS-2,PWR,VVER V-213,1485,500,477,PAKS Zrt,AEE,08-1974,09-1984,11-1984,89.8,90.1,DH
hu,HUNGARY,HU-3,PAKS-3,PWR,VVER V-213,1485,500,473,PAKS Zrt,AEE,10-1979,09-1986,12-1986,88.4,88.7,DH
hu,HUNGARY,HU-4,PAKS-4,PWR,VVER V-213,1485,500,473,PAKS Zrt,AEE,10-1979,08-1987,11-1987,89.3,90,DH
in,INDIA,IN-13,KAIGA-1,PHWR,Horizontal Pre,801,220,202,NPCIL,NPCIL,09-1989,10-2000,11-2000,82.1,94,-
in,INDIA,IN-14,KAIGA-2,PHWR,Horizontal Pre,801,220,202,NPCIL,NPCIL,12-1989,12-1999,03-2000,80.6,92.3,-
in,INDIA,IN-15,KAIGA-3,PHWR,Horizontal Pre,800,220,202,NPCIL,NPCIL,03-2020,04-2020,05-2020,79.4,88.4,-
in,INDIA,IN-16,KAIGA-4,PHWR,Horizontal Pre,800,220,202,NPCIL,NPCIL,05-2020,01-2020,01-2020,84.6,91.4,-
in,INDIA,IN-9,KAKRAPAR-1,PHWR,Horizontal Pre,801,220,202,NPCIL,NPCIL,12-1984,11-1992,05-1993,54.8,54.8,-
in,INDIA,IN-10,KAKRAPAR-2,PHWR,Horizontal Pre,801,220,202,NPCIL,NPCIL,04-1985,03-1995,09-1995,58.6,63.1,-
in,INDIA,IN-25,KUDANKULAM-1,PWR,VVER V-412,3000,1000,932,NPCIL,MAEP,03-2020,10-2020,12-2020,52.2,52.2,-
in,INDIA,IN-26,KUDANKULAM-2,PWR,VVER V-412,3000,1000,932,NPCIL,MAEP,07-2020,08-2020,03-2020,46,46,-
in,INDIA,IN-5,MADRAS-1,PHWR,Horizontal Pre,801,220,205,NPCIL,NPCIL,01-1971,07-1983,01-1984,57.5,73.6,DS
in,INDIA,IN-6,MADRAS-2,PHWR,Horizontal Pre,801,220,205,NPCIL,NPCIL,10-1972,09-1985,03-1986,68.5,86.4,DS
in,INDIA,IN-7,NARORA-1,PHWR,Horizontal Pre,801,220,202,NPCIL,NPCIL,12-1976,07-1989,01-1991,75.7,92.2,-
in,INDIA,IN-8,NARORA-2,PHWR,Horizontal Pre,801,220,202,NPCIL,NPCIL,11-1977,01-1992,07-1992,71.2,86.2,-
in,INDIA,IN-3,RAJASTHAN-1,PHWR,Horizontal Pre,346,100,90,NPCIL,AECL,08-1965,11-1972,12-1973,0,0,PH
in,INDIA,IN-4,RAJASTHAN-2,PHWR,Horizontal Pre,693,200,187,NPCIL,AECL/DAE,04-1968,11-1980,04-1981,78.2,81.2,PH
in,INDIA,IN-11,RAJASTHAN-3,PHWR,Horizontal Pre,801,220,202,NPCIL,NPCIL,02-1990,03-2000,06-2000,88.4,91.7,PH
in,INDIA,IN-12,RAJASTHAN-4,PHWR,Horizontal Pre,801,220,202,NPCIL,NPCIL,10-1990,11-2000,12-2000,91,93,PH
in,INDIA,IN-19,RAJASTHAN-5,PHWR,Horizontal Pre,801,220,202,NPCIL,NPCIL,09-2020,12-2020,02-2020,91.6,91.8,-
in,INDIA,IN-20,RAJASTHAN-6,PHWR,Horizontal Pre,801,220,202,NPCIL,NPCIL,01-2020,03-2020,03-2020,79.1,79.3,-
in,INDIA,IN-1,TARAPUR-1,BWR,BWR-1 (Mark 2),530,160,150,NPCIL,GE,10-1964,04-1969,10-1969,69.9,70.4,-
in,INDIA,IN-2,TARAPUR-2,BWR,BWR-1 (Mark 2),530,160,150,NPCIL,GE,10-1964,05-1969,10-1969,74.3,75,-
in,INDIA,IN-23,TARAPUR-3,PHWR,Horizontal Pre,1730,540,490,NPCIL,NPCIL,05-2000,06-2020,08-2020,85.2,89,-
in,INDIA,IN-24,TARAPUR-4,PHWR,Horizontal Pre,1730,540,490,NPCIL,NPCIL,03-2000,06-2020,09-2020,77.7,85.2,-
ir,"IRAN, ISL. REP.",IR-1,BUSHEHR-1,PWR,VVER V-446,3000,1000,915,NPPDCO,JSC ASE,05-1975,09-2020,09-2020,71.8,72.2,-
jp,JAPAN,JP-45,GENKAI-3,PWR,M (4-loop),3423,1180,1127,KYUSHU,MHI,06-1988,06-1993,03-1994,24.5,24.5,DS
jp,JAPAN,JP-46,GENKAI-4,PWR,M (4-loop),3423,1180,1127,KYUSHU,MHI,07-1992,11-1996,07-1997,30.6,30.6,DS
jp,JAPAN,JP-36,HAMAOKA-3,BWR,BWR-5,3293,1100,1056,CHUBU,TOSHIBA,04-1983,01-1987,08-1987,9.1,9.1,-
jp,JAPAN,JP-49,HAMAOKA-4,BWR,BWR-5,3293,1137,1092,CHUBU,TOSHIBA,10-1989,01-1993,09-1993,10.4,10.4,-
jp,JAPAN,JP-60,HAMAOKA-5,BWR,ABWR,3926,1380,1325,CHUBU,TOSHIBA,07-2000,04-2020,01-2020,2.9,4.8,-
jp,JAPAN,JP-58,HIGASHI DORI-1 (TOHOKU),BWR,BWR-5,3293,1100,1067,TOHOKU,TOSHIBA,11-2000,03-2020,12-2020,11,11,-
jp,JAPAN,JP-47,IKATA-3,PWR,M (3-loop),2660,890,846,SHIKOKU,MHI,10-1990,03-1994,12-1994,42.7,42.7,DS
jp,JAPAN,JP-33,KASHIWAZAKI KARIWA-1,BWR,BWR-5,3293,1100,1067,TEPCO,TOSHIBA,06-1980,02-1985,09-1985,11.6,11.6,-
jp,JAPAN,JP-39,KASHIWAZAKI KARIWA-2,BWR,BWR-5,3293,1100,1067,TEPCO,TOSHIBA,11-1985,02-1990,09-1990,0,0,-
jp,JAPAN,JP-52,KASHIWAZAKI KARIWA-3,BWR,BWR-5,3293,1100,1067,TEPCO,TOSHIBA,03-1989,12-1992,08-1993,0,0,-
jp,JAPAN,JP-53,KASHIWAZAKI KARIWA-4,BWR,BWR-5,3293,1100,1067,TEPCO,HITACHI,03-1990,12-1993,08-1994,0,0,-
jp,JAPAN,JP-40,KASHIWAZAKI KARIWA-5,BWR,BWR-5,3293,1100,1067,TEPCO,HITACHI,06-1985,09-1989,04-1990,11.5,11.5,-
jp,JAPAN,JP-55,KASHIWAZAKI KARIWA-6,BWR,ABWR,3926,1356,1315,TEPCO,TOSHIBA,11-1992,01-1996,11-1996,19.6,19.6,-
jp,JAPAN,JP-56,KASHIWAZAKI KARIWA-7,BWR,ABWR,3926,1356,1315,TEPCO,HITACHI,07-1993,12-1996,07-1997,14,14,-
jp,JAPAN,JP-14,MIHAMA-3,PWR,M (3-loop),2440,826,780,KEPCO,MHI,08-1972,02-1976,12-1976,11.4,11.4,-
jp,JAPAN,JP-50,OHI-3,PWR,M (4-loop),3423,1180,1127,KEPCO,MHI,10-1987,06-1991,12-1991,37.6,37.7,DS
jp,JAPAN,JP-51,OHI-4,PWR,M (4-loop),3423,1180,1127,KEPCO,MHI,06-1988,06-1992,02-1993,38.3,38.3,DS
jp,JAPAN,JP-54,ONAGAWA-2,BWR,BWR-5,2436,825,796,TOHOKU,TOSHIBA,04-1991,12-1994,07-1995,8.4,13.1,-
jp,JAPAN,JP-57,ONAGAWA-3,BWR,BWR-5,2436,825,796,TOHOKU,TOSHIBA,01-1998,05-2020,01-2020,9.3,14.2,-
jp,JAPAN,JP-28,SENDAI-1,PWR,M (3-loop),2660,890,846,KYUSHU,MHI,12-1979,09-1983,07-1984,46.1,46.1,-
jp,JAPAN,JP-37,SENDAI-2,PWR,M (3-loop),2660,890,846,KYUSHU,MHI,10-1981,04-1985,11-1985,48.3,48.3,-
jp,JAPAN,JP-48,SHIKA-1,BWR,BWR-5,1593,540,505,HOKURIKU,HITACHI,07-1989,01-1993,07-1993,8.7,8.7,-
jp,JAPAN,JP-59,SHIKA-2,BWR,ABWR,3926,1206,1108,HOKURIKU,HITACHI,08-2020,07-2020,03-2020,10.5,10.5,-
jp,JAPAN,JP-41,SHIMANE-2,BWR,BWR-5,2436,820,789,CHUGOKU,HITACHI,02-1985,07-1988,02-1989,13.5,13.5,-
jp,JAPAN,JP-8,TAKAHAMA-1,PWR,M (3-loop),2440,826,780,KEPCO,WH/MHI,04-1970,03-1974,11-1974,10.2,10.2,-
jp,JAPAN,JP-13,TAKAHAMA-2,PWR,M (3-loop),2440,826,780,KEPCO,MHI,03-1971,01-1975,11-1975,15.8,15.8,-
jp,JAPAN,JP-29,TAKAHAMA-3,PWR,M (3-loop),2660,870,830,KEPCO,MHI,12-1980,05-1984,01-1985,50.7,50.7,DS
jp,JAPAN,JP-30,TAKAHAMA-4,PWR,M (3-loop),2660,870,830,KEPCO,MHI,03-1981,11-1984,06-1985,43.2,43.2,DS
jp,JAPAN,JP-21,TOKAI-2,BWR,BWR-5,3293,1100,1060,JAPCO,GE,10-1973,03-1978,11-1978,7.3,9.2,-
jp,JAPAN,JP-43,TOMARI-1,PWR,M (2-loop),1650,579,550,HEPCO,MHI,04-1985,12-1988,06-1989,11.2,11.2,-
jp,JAPAN,JP-44,TOMARI-2,PWR,M (2-loop),1650,579,550,HEPCO,MHI,06-1985,08-1990,04-1991,14.7,14.7,-
jp,JAPAN,JP-64,TOMARI-3,PWR,M (3-loop),2660,912,866,HEPCO,MHI,11-2020,03-2020,12-2020,21.7,21.7,-
jp,JAPAN,JP-34,TSURUGA-2,PWR,M (4-loop),3411,1160,1108,JAPCO,MHI,11-1982,06-1986,02-1987,9.6,9.6,-
kr,"KOREA, REP. OF",KR-7,HANBIT-1,PWR,WH F,2787,1028,995,KHNP,WH,06-1981,03-1986,08-1986,76.9,77.4,-
kr,"KOREA, REP. OF",KR-8,HANBIT-2,PWR,WH F,2787,1025,988,KHNP,WH,12-1981,11-1986,06-1987,77.1,77.4,-
kr,"KOREA, REP. OF",KR-11,HANBIT-3,PWR,OPR-1000,2825,1037,986,KHNP,DHICKAEC,12-1989,10-1994,03-1995,66.6,66.9,-
kr,"KOREA, REP. OF",KR-12,HANBIT-4,PWR,OPR-1000,2825,1022,970,KHNP,DHICKAEC,05-1990,07-1995,01-1996,64.5,64.9,-
kr,"KOREA, REP. OF",KR-17,HANBIT-5,PWR,OPR-1000,2825,1049,992,KHNP,DHICKOPC,06-1997,12-2020,05-2020,87.4,87.7,-
kr,"KOREA, REP. OF",KR-18,HANBIT-6,PWR,OPR-1000,2825,1051,993,KHNP,DHICKOPC,11-1997,09-2020,12-2020,84.1,84.4,-
kr,"KOREA, REP. OF",KR-9,HANUL-1,PWR,France CPI,2775,1008,966,KHNP,FRAM,01-1983,04-1988,09-1988,83.7,83.9,-
kr,"KOREA, REP. OF",KR-10,HANUL-2,PWR,France CPI,2775,1010,967,KHNP,FRAM,07-1983,04-1989,09-1989,85.3,85.5,-
kr,"KOREA, REP. OF",KR-13,HANUL-3,PWR,OPR-1000,2825,1049,997,KHNP,DHICKOPC,07-1993,01-1998,08-1998,78.7,78.9,-
kr,"KOREA, REP. OF",KR-14,HANUL-4,PWR,OPR-1000,2825,1053,999,KHNP,DHICKOPC,11-1993,12-1998,12-1999,70.6,70.7,-
kr,"KOREA, REP. OF",KR-19,HANUL-5,PWR,OPR-1000,2825,1048,998,KHNP,DHICKOPC,10-1999,12-2020,07-2020,86.8,87.1,-
kr,"KOREA, REP. OF",KR-20,HANUL-6,PWR,OPR-1000,2825,1048,997,KHNP,DHICKOPC,09-2000,01-2020,04-2020,87.3,87.5,-
kr,"KOREA, REP. OF",KR-2,KORI-2,PWR,WH F,1882,681,640,KHNP,WH,12-1977,04-1983,07-1983,83.6,84.6,-
kr,"KOREA, REP. OF",KR-5,KORI-3,PWR,WH F,2912,1045,1011,KHNP,WH,10-1979,01-1985,09-1985,76.8,76.9,-
kr,"KOREA, REP. OF",KR-6,KORI-4,PWR,WH F,2912,1045,1012,KHNP,WH,04-1980,12-1985,04-1986,77.7,77.8,-
kr,"KOREA, REP. OF",KR-21,SHIN-KORI-1,PWR,OPR-1000,2825,1046,996,KHNP,DHICKOPC,06-2020,08-2020,02-2020,71.9,72.2,-
kr,"KOREA, REP. OF",KR-22,SHIN-KORI-2,PWR,OPR-1000,2825,1047,996,KHNP,DHICKOPC,06-2020,01-2020,07-2020,80.3,80.6,-
kr,"KOREA, REP. OF",KR-25,SHIN-KORI-3,PWR,APR-1400,3983,1486,1416,KHNP,DHICKOPC,10-2020,01-2020,12-2020,78.8,79,-
kr,"KOREA, REP. OF",KR-26,SHIN-KORI-4,PWR,APR-1400,3983,1455,1418,KHNP,DHICKOPC,08-2020,04-2020,08-2020,100,100,-
kr,"KOREA, REP. OF",KR-23,SHIN-WOLSONG-1,PWR,OPR-1000,2825,1049,997,KHNP,DHICKOPC,11-2020,01-2020,07-2020,80.1,80.4,-
kr,"KOREA, REP. OF",KR-24,SHIN-WOLSONG-2,PWR,OPR-1000,2825,1051,993,KHNP,DHICKOPC,09-2020,02-2020,07-2020,78.7,78.8,-
kr,"KOREA, REP. OF",KR-4,WOLSONG-2,PHWR,CANDU 6,2061,620,606,KHNP,AECL/DHI,09-1992,04-1997,07-1997,88.4,90.9,-
kr,"KOREA, REP. OF",KR-15,WOLSONG-3,PHWR,CANDU 6,2061,650,630,KHNP,AECL/DHI,03-1994,03-1998,07-1998,79.1,81.5,-
kr,"KOREA, REP. OF",KR-16,WOLSONG-4,PHWR,CANDU 6,2061,621,609,KHNP,AECL/DHI,07-1994,05-1999,10-1999,88.7,90.3,-
mx,MEXICO,MX-1,LAGUNA VERDE-1,BWR,BWR-5,2317,805,777,CFE,GE,10-1976,04-1989,07-1990,76.8,78.7,-
mx,MEXICO,MX-2,LAGUNA VERDE-2,BWR,BWR-5,2317,803,775,CFE,GE,06-1977,11-1994,04-1995,81.6,83,-
nl,NETHERLANDS,NL-2,BORSSELE,PWR,KWU 2LP,1366,515,482,EPZ,S/KWU,07-1969,07-1973,10-1973,84.2,85.2,-
pk,PAKISTAN,PK-2,CHASNUPP-1,PWR,CNP-300,999,325,300,PAEC,CNNC,08-1993,06-2000,09-2000,83,83.2,-
pk,PAKISTAN,PK-3,CHASNUPP-2,PWR,CNP-300,999,325,300,PAEC,CNNC,12-2020,03-2020,05-2020,85.4,85.5,-
pk,PAKISTAN,PK-4,CHASNUPP-3,PWR,CNP-300,999,340,315,PAEC,CNNC,05-2020,10-2020,12-2020,86.8,87.6,-
pk,PAKISTAN,PK-5,CHASNUPP-4,PWR,CNP-300,999,340,313,PAEC,CNNC,12-2020,07-2020,09-2020,89.4,90.2,-
pk,PAKISTAN,PK-1,KANUPP-1,PHWR,CANDU-137 MW,337,100,90,PAEC,CGE,08-1966,10-1971,12-1972,41.1,41.1,DS
ro,ROMANIA,RO-1,CERNAVODA-1,PHWR,CANDU 6,2180,706,650,SNN,AECL,07-1982,07-1996,12-1996,91.9,93,DH
ro,ROMANIA,RO-2,CERNAVODA-2,PHWR,CANDU 6,2180,705,650,SNN,AECL,07-1983,08-2020,11-2020,93.8,94.6,DH
ru,RUSSIA,RU-151,AKADEMIK LOMONOSOV-1,PWR,KLT-40S Float,150,35,32,REA,AEM,04-2020,12-2020,05-2020,-,-,-
ru,RUSSIA,RU-152,AKADEMIK LOMONOSOV-2,PWR,KLT-40S Float,150,35,32,REA,AEM,04-2020,12-2020,05-2020,-,-,-
ru,RUSSIA,RU-96,BALAKOVO-1,PWR,VVER V-320,3000,1000,950,REA,AEM,12-1980,12-1985,05-1986,86.9,87,"DH, PH"
ru,RUSSIA,RU-97,BALAKOVO-2,PWR,VVER V-320,3000,1000,950,REA,AEM,08-1981,10-1987,01-1988,88.1,88.4,"DH, PH"
ru,RUSSIA,RU-98,BALAKOVO-3,PWR,VVER V-320,3000,1000,950,REA,AEM,11-1982,12-1988,04-1989,86.4,86.6,"DH, PH"
ru,RUSSIA,RU-99,BALAKOVO-4,PWR,VVER V-320,3200,1000,950,REA,AEM,04-1984,04-1993,12-1993,87.9,88,"DH, PH"
ru,RUSSIA,RU-21,BELOYARSK-3,FBR,BN-600,1470,600,560,REA,AEM,01-1969,04-1980,11-1981,80.4,80.4,"DH, PH"
ru,RUSSIA,RU-116,BELOYARSK-4,FBR,BN-800,2100,885,820,REA,AEM,07-2020,12-2020,10-2020,67.9,69.1,-
ru,RUSSIA,RU-142,BILIBINO-2,LWGR,EGP-6,62,12,11,REA,AEM,01-1970,12-1974,02-1975,82.1,82.1,DH
ru,RUSSIA,RU-143,BILIBINO-3,LWGR,EGP-6,62,12,11,REA,AEM,01-1970,12-1975,02-1976,83.6,83.6,DH
ru,RUSSIA,RU-144,BILIBINO-4,LWGR,EGP-6,62,12,11,REA,AEM,01-1970,12-1976,01-1977,83,83,DH
ru,RUSSIA,RU-30,KALININ-1,PWR,VVER V-338,3000,1000,950,REA,AEM,02-1977,05-1984,06-1985,82.6,82.6,"DH, PH"
ru,RUSSIA,RU-31,KALININ-2,PWR,VVER V-338,3000,1000,950,REA,AEM,02-1982,12-1986,03-1987,86.7,86.7,"DH, PH"
ru,RUSSIA,RU-36,KALININ-3,PWR,VVER V-320,3200,1000,950,REA,AEM,10-1985,12-2020,11-2020,82.9,82.9,"DH, PH"
ru,RUSSIA,RU-37,KALININ-4,PWR,VVER V-320,3200,1000,950,REA,AEM,08-1986,11-2020,12-2020,87.4,87.4,"DH, PH"
ru,RUSSIA,RU-12,KOLA-1,PWR,VVER V-230,1375,440,411,REA,AEM,05-1970,06-1973,12-1973,76.9,77.4,"DH, PH"
ru,RUSSIA,RU-13,KOLA-2,PWR,VVER V-230,1375,440,411,REA,AEM,05-1970,12-1974,02-1975,78,78.3,"DH, PH"
ru,RUSSIA,RU-32,KOLA-3,PWR,VVER V-213,1375,440,411,REA,AEM,04-1977,03-1981,12-1982,80.9,81,"DH, PH"
ru,RUSSIA,RU-33,KOLA-4,PWR,VVER V-213,1375,440,411,REA,AEM,08-1976,10-1984,12-1984,83.1,83.1,"DH, PH"
ru,RUSSIA,RU-17,KURSK-1,LWGR,RBMK-1000,3200,1000,925,REA,AEM,06-1972,12-1976,10-1977,74,74.9,"DH, PH"
ru,RUSSIA,RU-22,KURSK-2,LWGR,RBMK-1000,3200,1000,925,REA,AEM,01-1973,01-1979,08-1979,68,68.4,"DH, PH"
ru,RUSSIA,RU-38,KURSK-3,LWGR,RBMK-1000,3200,1000,925,REA,AEM,04-1978,10-1983,03-1984,80.9,81.4,"DH, PH"
ru,RUSSIA,RU-39,KURSK-4,LWGR,RBMK-1000,3200,1000,925,REA,AEM,05-1981,12-1985,02-1986,82.8,83.4,"DH, PH"
ru,RUSSIA,RU-163,LENINGRAD 2-1,PWR,VVER V-491,3200,1188,1101,REA,AEM,10-2020,03-2020,10-2020,67.2,67.7,-
ru,RUSSIA,RU-16,LENINGRAD-2,LWGR,RBMK-1000,3200,1000,925,REA,AEM,06-1970,07-1975,02-1976,69.3,69.7,"DH, PH"
ru,RUSSIA,RU-34,LENINGRAD-3,LWGR,RBMK-1000,3200,1000,925,REA,AEM,12-1973,12-1979,06-1980,85.7,85.9,"DH, PH"
ru,RUSSIA,RU-35,LENINGRAD-4,LWGR,RBMK-1000,3200,1000,925,REA,AEM,02-1975,02-1981,08-1981,82.6,82.7,"DH, PH"
ru,RUSSIA,RU-161,NOVOVORONEZH 2-1,PWR,VVER V-392M,3200,1180,1100,REA,AEM,06-2020,08-2020,02-2020,74.1,76.1,-
ru,RUSSIA,RU-162,NOVOVORONEZH 2-2,PWR,VVER V-392M,3200,1181,1101,REA,AEM,07-2020,05-2020,10-2020,85.5,85.5,-
ru,RUSSIA,RU-11,NOVOVORONEZH-4,PWR,VVER V-179,1375,417,385,REA,AEM,07-1967,12-1972,03-1973,77.8,78.8,"DH, PH"
ru,RUSSIA,RU-20,NOVOVORONEZH-5,PWR,VVER V-187,3000,1000,950,REA,AEM,03-1974,05-1980,02-1981,73.6,74.1,"DH, PH"
ru,RUSSIA,RU-59,ROSTOV-1,PWR,VVER V-320,3200,1000,950,REA,AEM,09-1981,03-2020,12-2020,89.9,90,-
ru,RUSSIA,RU-62,ROSTOV-2,PWR,VVER V-320,3200,1000,950,REA,AEM,05-1983,03-2020,12-2020,89.1,89.4,-
ru,RUSSIA,RU-63,ROSTOV-3,PWR,VVER V-320,3000,1000,950,REA,AEM,09-2020,12-2020,09-2020,82.6,84,-
ru,RUSSIA,RU-64,ROSTOV-4,PWR,VVER V-320,3000,1030,979,REA,AEM,06-2020,02-2020,09-2020,89.6,90.6,-
ru,RUSSIA,RU-23,SMOLENSK-1,LWGR,RBMK-1000,3200,1000,925,REA,AEM,10-1975,12-1982,09-1983,78.3,78.5,"DH, PH"
ru,RUSSIA,RU-24,SMOLENSK-2,LWGR,RBMK-1000,3200,1000,925,REA,AEM,06-1976,05-1985,07-1985,78.6,78.8,"DH, PH"
ru,RUSSIA,RU-67,SMOLENSK-3,LWGR,RBMK-1000,3200,1000,925,REA,AEM,05-1984,01-1990,10-1990,80.2,80.2,"DH, PH"
sk,SLOVAKIA,SK-13,BOHUNICE-3,PWR,VVER V-213,1471,505,471,SE,SKODA,12-1976,08-1984,02-1985,88,91.5,"DH, PH"
sk,SLOVAKIA,SK-14,BOHUNICE-4,PWR,VVER V-213,1471,505,471,SE,SKODA,12-1976,08-1985,12-1985,88.2,91.2,"DH, PH"
sk,SLOVAKIA,SK-6,MOCHOVCE-1,PWR,VVER V-213,1471,470,436,SE,SKODA,10-1983,07-1998,10-1998,91.3,92,-
sk,SLOVAKIA,SK-7,MOCHOVCE-2,PWR,VVER V-213,1471,470,436,SE,SKODA,10-1983,12-1999,04-2000,90.1,91.2,-
si,SLOVENIA,SI-1,KRSKO,PWR,WH 2LP,1994,727,688,NEK,WH,03-1975,10-1981,01-1983,91.6,91.9,-
za,SOUTH AFRICA,ZA-1,KOEBERG-1,PWR,CP1,2775,970,930,ESKOM,FRAM,07-1976,04-1984,07-1984,79.1,79.2,-
za,SOUTH AFRICA,ZA-2,KOEBERG-2,PWR,CP1,2775,970,930,ESKOM,FRAM,07-1976,07-1985,11-1985,84.6,85.9,-
es,SPAIN,ES-6,ALMARAZ-1,PWR,WH 3LP,2947,1049,1011,CNAT,WH,07-1973,05-1981,09-1983,88.2,89.5,-
es,SPAIN,ES-7,ALMARAZ-2,PWR,WH 3LP,2947,1044,1006,CNAT,WH,07-1973,10-1983,07-1984,88.2,89.3,-
es,SPAIN,ES-8,ASCO-1,PWR,WH 3LP,2954,1033,995,ANAV,WH,05-1974,08-1983,12-1984,88.5,89.4,-
es,SPAIN,ES-9,ASCO-2,PWR,WH 3LP,2941,1035,997,ANAV,WH,03-1975,10-1985,03-1986,87.1,88.5,-
es,SPAIN,ES-10,COFRENTES,BWR,BWR-6 (Mark 3),3237,1102,1064,ID,GE,09-1975,10-1984,03-1985,89.7,90.8,-
es,SPAIN,ES-11,TRILLO-1,PWR,PWR 3 loops,3010,1066,1003,CNAT,KWU,08-1979,05-1988,08-1988,89.2,90.3,-
es,SPAIN,ES-16,VANDELLOS-2,PWR,WH 3LP,2941,1087,1045,ANAV,WH,12-1980,12-1987,03-1988,83.5,84.7,-
se,SWEDEN,SE-9,FORSMARK-1,BWR,"AA-III, BWR-25",2927,1027,990,FKA,ABBATOM,06-1973,06-1980,12-1980,88,88.9,-
se,SWEDEN,SE-11,FORSMARK-2,BWR,"AA-III, BWR-25",3253,1157,1118,FKA,ABBATOM,01-1975,01-1981,07-1981,82.1,83.3,-
se,SWEDEN,SE-14,FORSMARK-3,BWR,"AA-IV, BWR-300",3300,1195,1172,FKA,ABBATOM,01-1979,03-1985,08-1985,82.5,83.4,-
se,SWEDEN,SE-12,OSKARSHAMN-3,BWR,"AA-IV, BWR-300",3900,1450,1400,OKG,ABBATOM,05-1980,03-1985,08-1985,73.9,75.4,-
se,SWEDEN,SE-4,RINGHALS-1,BWR,AA-I,2540,910,881,RAB,ABBATOM,02-1969,10-1974,01-1976,74.2,75.8,-
se,SWEDEN,SE-7,RINGHALS-3,PWR,WH 3LP,3135,1117,1062,RAB,WH,09-1972,09-1980,09-1981,82.8,85.5,-
se,SWEDEN,SE-10,RINGHALS-4,PWR,WH 3LP,3300,1171,1117,RAB,WH,11-1973,06-1982,11-1983,81.3,83.8,-
ch,SWITZERLAND,CH-1,BEZNAU-1,PWR,WH 2LP,1130,380,365,Axpo AG,WH,09-1965,07-1969,12-1969,63.9,64.1,DH
ch,SWITZERLAND,CH-3,BEZNAU-2,PWR,WH 2LP,1130,380,365,Axpo AG,WH,01-1968,10-1971,03-1972,87.9,88.3,DH
ch,SWITZERLAND,CH-4,GOESGEN,PWR,PWR 3 Loop,3002,1060,1010,KKG,KWU,12-1973,02-1979,11-1979,89.7,90.3,PH
ch,SWITZERLAND,CH-5,LEIBSTADT,BWR,BWR-6,3600,1275,1220,KKL,GETSCO,01-1974,05-1984,12-1984,77.5,78.9,-
tw,"TAIWAN, CHINA",TW-3,KUOSHENG-1,BWR,BWR-6,2894,985,985,TPC,GE,11-1975,05-1981,12-1981,86.5,87.2,-
tw,"TAIWAN, CHINA",TW-4,KUOSHENG-2,BWR,BWR-6,2894,985,985,TPC,GE,03-1976,06-1982,03-1983,84.7,85.3,-
tw,"TAIWAN, CHINA",TW-5,MAANSHAN-1,PWR,WH 3LP(WE 312),2822,951,936,TPC,WH,08-1978,05-1984,07-1984,91.1,91.3,-
tw,"TAIWAN, CHINA",TW-5,MAANSHAN-1,PWR,WH 3LP(WE 312),2822,951,936,TPC,WH,02-1979,02-1985,05-1985,89.9,90.1,-
ae,UAE,AE-1,BARAKAH-1,PWR,APR-1400,3983,1400,1345,NEC,-,07-2020,08-2020,-,-,-,-
uk,UK,GB-18A,DUNGENESS B-1,GCR,AGR,1500,615,545,EDF UK,APC,10-1965,04-1983,04-1985,46.9,46.9,-
uk,UK,GB-18B,DUNGENESS B-2,GCR,AGR,1500,615,545,EDF UK,APC,10-1965,12-1985,04-1989,50.1,50.2,-
uk,UK,GB-19A,HARTLEPOOL A-1,GCR,AGR,1500,655,590,EDF UK,NPC,10-1968,08-1983,04-1989,72,72.1,-
uk,UK,GB-19B,HARTLEPOOL A-2,GCR,AGR,1500,655,595,EDF UK,NPC,10-1968,10-1984,04-1989,72.9,73,-
uk,UK,GB-20A,HEYSHAM A-1,GCR,AGR,1500,625,485,EDF UK,NPC,12-1970,07-1983,04-1989,63.6,63.7,-
uk,UK,GB-20B,HEYSHAM A-2,GCR,AGR,1500,625,575,EDF UK,NPC,12-1970,10-1984,04-1989,65.2,65.3,-
uk,UK,GB-22A,HEYSHAM B-1,GCR,AGR,1550,680,620,EDF UK,NPC,08-1980,07-1988,04-1989,86,86.2,-
uk,UK,GB-22B,HEYSHAM B-2,GCR,AGR,1550,680,620,EDF UK,NPC,08-1980,11-1988,04-1989,83.6,83.7,-
uk,UK,GB-16A,HINKLEY POINT B-1,GCR,AGR,1494,655,485,EDF UK,TNPG,09-1967,10-1976,10-1978,84.4,84.5,-
uk,UK,GB-16B,HINKLEY POINT B-2,GCR,AGR,1494,655,480,EDF UK,TNPG,09-1967,02-1976,09-1976,86.2,86.3,-
uk,UK,GB-17A,HUNTERSTON B-1,GCR,AGR,1496,644,490,EDF UK,TNPG,11-1967,02-1976,02-1976,70.5,70.8,-
uk,UK,GB-17B,HUNTERSTON B-2,GCR,AGR,1496,644,495,EDF UK,TNPG,11-1967,03-1977,03-1977,77.3,77.4,-
uk,UK,GB-24,SIZEWELL B,PWR,SNUPPS,3425,1250,1198,EDF UK,PPC,07-1988,02-1995,09-1995,82,82.1,-
uk,UK,GB-23A,TORNESS-1,GCR,AGR,1623,682,595,EDF UK,NNC,08-1980,05-1988,05-1988,85.1,86,-
uk,UK,GB-23B,TORNESS-2,GCR,AGR,1623,682,605,EDF UK,NNC,08-1980,02-1989,02-1989,84.5,85.3,-
ua,UKRAINE,UA-40,KHMELNITSKI-1,PWR,VVER V-320,3000,1000,950,NNEGC,PAIP,11-1981,12-1987,08-1988,68.6,70.4,DH
ua,UKRAINE,UA-41,KHMELNITSKI-2,PWR,VVER V-320,3000,1000,950,NNEGC,PAIP,02-1985,08-2020,12-2020,80.1,81.5,DH
ua,UKRAINE,UA-27,ROVNO-1,PWR,VVER V-213,1375,420,381,NNEGC,PAIP,08-1973,12-1980,09-1981,83.9,84.5,DH
ua,UKRAINE,UA-28,ROVNO-2,PWR,VVER V-213,1375,415,376,NNEGC,PAIP,10-1973,12-1981,07-1982,80.2,80.7,DH
ua,UKRAINE,UA-29,ROVNO-3,PWR,VVER V-320,3000,1000,950,NNEGC,PAIP,02-1980,12-1986,05-1987,67.6,69.5,DH
ua,UKRAINE,UA-69,ROVNO-4,PWR,VVER V-320,3000,1000,950,NNEGC,PAA,08-1986,10-2020,04-2020,80.7,82.6,DH
ua,UKRAINE,UA-44,SOUTH UKRAINE-1,PWR,VVER V-302,3000,1000,950,NNEGC,PAA,08-1976,12-1982,12-1983,69.1,74.9,DH
ua,UKRAINE,UA-45,SOUTH UKRAINE-2,PWR,VVER V-338,3000,1000,950,NNEGC,PAA,07-1981,01-1985,04-1985,66.7,71.6,DH
ua,UKRAINE,UA-48,SOUTH UKRAINE-3,PWR,VVER V-320,3000,1000,950,NNEGC,PAA,11-1984,09-1989,12-1989,63.9,69.6,DH
ua,UKRAINE,UA-54,ZAPOROZHYE-1,PWR,VVER V-320,3000,1000,950,NNEGC,PAIP,04-1980,12-1984,12-1985,69.8,71.8,DH
ua,UKRAINE,UA-56,ZAPOROZHYE-2,PWR,VVER V-320,3000,1000,950,NNEGC,PAIP,01-1981,07-1985,02-1986,68.4,73,DH
ua,UKRAINE,UA-78,ZAPOROZHYE-3,PWR,VVER V-320,3000,1000,950,NNEGC,PAIP,04-1982,12-1986,03-1987,74,76.4,DH
ua,UKRAINE,UA-79,ZAPOROZHYE-4,PWR,VVER V-320,3000,1000,950,NNEGC,PAIP,04-1983,12-1987,04-1988,73.2,75.1,DH
ua,UKRAINE,UA-126,ZAPOROZHYE-5,PWR,VVER V-320,3000,1000,950,NNEGC,PAIP,11-1985,08-1989,10-1989,77.3,80.2,DH
ua,UKRAINE,UA-127,ZAPOROZHYE-6,PWR,VVER V-320,3000,1000,950,NNEGC,PAIP,06-1986,10-1995,09-1996,80.5,82.8,DH
us,USA,US-313,ANO-1,PWR,B&W LLP (DRYAM,2568,903,836,ENTERGY,B&W,10-1968,08-1974,12-1974,86.9,87.5,-
us,USA,US-368,ANO-2,PWR,CE 2LP (DRYAMB,3026,1065,988,ENTERGY,CE,12-1968,12-1978,03-1980,85.9,85.9,-
us,USA,US-334,BEAVER VALLEY-1,PWR,WH 3LP (DRYSUB,2900,959,908,FENOC,WH,06-1970,06-1976,10-1976,93.1,93.1,-
us,USA,US-412,BEAVER VALLEY-2,PWR,WH 3LP (DRYSUB,2900,958,905,FENOC,WH,05-1974,08-1987,11-1987,93.9,93.9,-
us,USA,US-456,BRAIDWOOD-1,PWR,WH 4LP (DRYAMB,3645,1270,1194,EXELON,WH,08-1975,07-1987,07-1988,94.9,94.9,-
us,USA,US-457,BRAIDWOOD-2,PWR,WH 4LP (DRYAMB,3645,1230,1160,EXELON,WH,08-1975,05-1988,10-1988,95.8,95.8,-
us,USA,US-259,BROWNS FERRY-1,BWR,BWR-4 (Mark 1),3458,1256,1200,TVA,GE,05-1967,10-1973,08-1974,93.5,94.1,-
us,USA,US-260,BROWNS FERRY-2,BWR,BWR-4 (Mark 1),3458,1259,1200,TVA,GE,05-1967,08-1974,03-1975,92.6,93.4,-
us,USA,US-296,BROWNS FERRY-3,BWR,BWR-4 (Mark 1),3458,1260,1210,TVA,GE,07-1968,09-1976,03-1977,91.6,92.5,-
us,USA,US-325,BRUNSWICK-1,BWR,BWR-4 (Mark 1),2923,990,938,PROGRESS,GE,02-1970,12-1976,03-1977,91.4,91.8,-
us,USA,US-324,BRUNSWICK-2,BWR,BWR-4 (Mark 1),2923,960,932,PROGRESS,GE,02-1970,04-1975,11-1975,92.1,92.4,-
us,USA,US-454,BYRON-1,PWR,WH 4LP (DRYAMB,3645,1242,1164,EXELON,WH,04-1975,03-1985,09-1985,95.6,95.8,-
us,USA,US-455,BYRON-2,PWR,WH 4LP (DRYAMB,3645,1210,1136,EXELON,WH,04-1975,02-1987,08-1987,95.3,95.3,-
us,USA,US-483,CALLAWAY-1,PWR,WH 4LP (DRYAMB,3565,1275,1215,AmerenUE,WH,09-1975,10-1984,12-1984,89.6,89.6,-
us,USA,US-317,CALVERT CLIFFS-1,PWR,CE 2LP (DRYAMB,2737,918,877,EXELON,CE,06-1968,01-1975,05-1975,94.2,94.3,-
us,USA,US-318,CALVERT CLIFFS-2,PWR,CE 2LP (DRYAMB,2737,911,855,EXELON,CE,06-1968,12-1976,04-1977,95.2,95.3,-
us,USA,US-413,CATAWBA-1,PWR,WH 4LP (ICECND,3411,1188,1160,DUKEENER,WH,05-1974,01-1985,06-1985,93.8,93.8,-
us,USA,US-414,CATAWBA-2,PWR,WH 4LP (ICECND,3411,1188,1150,DUKEENER,WH,05-1974,05-1986,08-1986,93.8,93.8,-
us,USA,US-461,CLINTON-1,BWR,BWR-6 (Mark 3),3473,1098,1062,EXELON,GE,10-1975,04-1987,11-1987,93.7,93.7,-
us,USA,US-397,COLUMBIA,BWR,BWR-5 (Mark 2),3486,1190,1131,ENERGYNW,GE,08-1972,05-1984,12-1984,89.2,89.5,-
us,USA,US-445,COMANCHE PEAK-1,PWR,WH 4LP (DRYAMB,3612,1259,1205,LUMINANT,WH,12-1974,04-1990,08-1990,93.3,93.3,-
us,USA,US-446,COMANCHE PEAK-2,PWR,WH 4LP (DRYAMB,3612,1250,1195,LUMINANT,WH,12-1974,04-1993,08-1993,92.2,92.2,-
us,USA,US-315,COOK-1,PWR,WH 4LP (ICECDN,3304,1131,1030,AEP,WH,03-1969,02-1975,08-1975,88.9,88.9,-
us,USA,US-316,COOK-2,PWR,WH 4LP (ICECDN,3468,1231,1168,AEP,WH,03-1969,03-1978,07-1978,88.8,88.8,-
us,USA,US-298,COOPER,BWR,BWR-4 (Mark 1),2419,801,769,ENTERGY,GE,06-1968,05-1974,07-1974,93,93,-
us,USA,US-346,DAVIS BESSE-1,PWR,B&W RLP (DRYAM,2817,925,894,FENOC,B&W,09-1970,08-1977,07-1978,88.1,88.1,-
us,USA,US-275,DIABLO CANYON-1,PWR,WH 4LP (DRYAMB,3411,1197,1138,PG&E,WH,04-1968,11-1984,05-1985,92.2,92.2,-
us,USA,US-323,DIABLO CANYON-2,PWR,WH 4LP (DRYAMB,3411,1197,1118,PG&E,WH,12-1970,10-1985,03-1986,91.7,91.8,-
us,USA,US-237,DRESDEN-2,BWR,BWR-3 (Mark 1),2957,950,894,EXELON,GE,01-1966,04-1970,06-1970,96.1,96.1,-
us,USA,US-249,DRESDEN-3,BWR,BWR-3 (Mark 1),2957,935,879,EXELON,GE,10-1966,07-1971,11-1971,96.8,96.8,-
us,USA,US-331,DUANE ARNOLD-1,BWR,BWR-4 (Mark 1),1912,624,601,NEXTERA,GE,06-1970,05-1974,02-1975,93.9,93.9,-
us,USA,US-348,FARLEY-1,PWR,WH 3LP (DRYAMB,2775,918,874,SOUTHERN,WH,10-1970,08-1977,12-1977,92.3,92.3,-
us,USA,US-364,FARLEY-2,PWR,WH 3LP (DRYAMB,2775,928,883,SOUTHERN,WH,10-1970,05-1981,07-1981,93.1,93.1,-
us,USA,US-341,FERMI-2,BWR,BWR-4 (Mark 1),3486,1198,1115,DTEDISON,GE,09-1972,09-1986,01-1988,86.2,86.2,-
us,USA,US-333,FITZPATRICK,BWR,BWR-4 (Mark 1),2536,849,813,EXELON,GE,09-1968,02-1975,07-1975,93.4,93.6,-
us,USA,US-244,GINNA,PWR,WH 2LP (DRYAMB,1775,608,560,EXELON,WH,04-1966,12-1969,07-1970,95.2,95.2,-
us,USA,US-416,GRAND GULF-1,BWR,BWR-6 (Mark 3),4408,1500,1401,ENTERGY,GE,05-1974,10-1984,07-1985,80,80.2,-
us,USA,US-400,HARRIS-1,PWR,WH 3LP (DRYAMB,2900,980,964,PROGRESS,WH,01-1978,01-1987,05-1987,91.4,91.4,-
us,USA,US-321,HATCH-1,BWR,BWR-4 (Mark 1),2804,911,876,SOUTHERN,GE,09-1968,11-1974,12-1975,93.8,93.8,-
us,USA,US-366,HATCH-2,BWR,BWR-4 (Mark 1),2804,921,883,SOUTHERN,GE,02-1972,09-1978,09-1979,93.3,93.3,-
us,USA,US-354,HOPE CREEK-1,BWR,BWR-4 (Mark 1),3840,1240,1172,PSEG,GE,03-1976,08-1986,12-1986,93.3,93.3,-
us,USA,US-286,INDIAN POINT-3,PWR,WH 4LP (DRYAMB,3216,1085,1030,ENTERGY,WH,11-1968,04-1976,08-1976,92.6,92.7,-
us,USA,US-373,LASALLE-1,BWR,BWR-5 (Mark 2),3546,1207,1137,EXELON,GE,09-1973,09-1982,01-1984,95.7,95.7,-
us,USA,US-374,LASALLE-2,BWR,BWR-5 (Mark 2),3546,1207,1140,EXELON,GE,09-1973,04-1984,10-1984,95.5,95.5,-
us,USA,US-352,LIMERICK-1,BWR,BWR-4 (Mark 2),3515,1194,1134,EXELON,GE,06-1974,04-1985,02-1986,95.2,95.2,-
us,USA,US-353,LIMERICK-2,BWR,BWR-4 (Mark 2),3515,1194,1134,EXELON,GE,06-1974,09-1989,01-1990,94.7,94.7,-
us,USA,US-369,MCGUIRE-1,PWR,WH 4LP (ICECND,3411,1215,1158,DUKEENER,WH,04-1971,09-1981,12-1981,92.6,92.6,-
us,USA,US-370,MCGUIRE-2,PWR,WH 4LP (ICECND,3411,1215,1158,DUKEENER,WH,04-1971,05-1983,03-1984,93.2,93.2,-
us,USA,US-336,MILLSTONE-2,PWR,CE 2LP (DRYAMB,2700,918,869,DOMINION,CE,11-1969,11-1975,12-1975,91.6,91.7,-
us,USA,US-423,MILLSTONE-3,PWR,WH 4LP (DRYSUB,3650,1280,1210,DOMINION,WH,08-1974,02-1986,04-1986,92.1,92.1,-
us,USA,US-263,MONTICELLO,BWR,BWR-3 (Mark 1),2004,691,628,NSP,GE,06-1967,03-1971,06-1971,89,89,-
us,USA,US-220,NINE MILE POINT-1,BWR,BWR-2 (Mark 1),1850,642,613,EXELON,GE,04-1965,11-1969,12-1969,94,94,-
us,USA,US-410,NINE MILE POINT-2,BWR,BWR-5 (Mark 2),3988,1320,1277,EXELON,GE,08-1975,08-1987,03-1988,93.7,93.7,-
us,USA,US-338,NORTH ANNA-1,PWR,WH 3LP (DRYSUB,2940,990,948,DOMINION,WH,02-1971,04-1978,06-1978,90.4,92.6,-
us,USA,US-339,NORTH ANNA-2,PWR,WH 3LP (DRYSUB,2940,1011,944,DOMINION,WH,02-1971,08-1980,12-1980,89.9,92.5,-
us,USA,US-269,OCONEE-1,PWR,B&W LLP (DRYAM,2568,891,847,DUKEENER,B&W,11-1967,05-1973,07-1973,92.8,92.8,-
us,USA,US-270,OCONEE-2,PWR,B&W LLP (DRYAM,2568,891,848,DUKEENER,B&W,11-1967,12-1973,09-1974,94.1,94.1,-
us,USA,US-287,OCONEE-3,PWR,B&W LLP (DRYAM,2568,900,859,DUKEENER,B&W,11-1967,09-1974,12-1974,95.1,95.1,-
us,USA,US-255,PALISADES,PWR,CE 2LP (DRYAMB,2565,850,805,ENTERGY,CE,03-1967,12-1971,12-1971,89.1,89.1,-
us,USA,US-528,PALO VERDE-1,PWR,CE80 2LP (DRYA,3990,1414,1311,APS,CE,05-1976,06-1985,01-1986,91.9,91.9,-
us,USA,US-529,PALO VERDE-2,PWR,CE80 2LP (DRYA,3990,1414,1314,APS,CE,06-1976,05-1986,09-1986,93.1,93.1,-
us,USA,US-530,PALO VERDE-3,PWR,CE80 2LP (DRYA,3990,1414,1312,APS,CE,06-1976,11-1987,01-1988,92.2,92.2,-
us,USA,US-277,PEACH BOTTOM-2,BWR,BWR-4 (Mark 1),3951,1412,1300,EXELON,GE,01-1968,02-1974,07-1974,96.1,96.1,-
us,USA,US-278,PEACH BOTTOM-3,BWR,BWR-4 (Mark 1),3951,1412,1331,EXELON,GE,01-1968,09-1974,12-1974,95.6,95.6,-
us,USA,US-440,PERRY-1,BWR,BWR-6 (Mark 3),3758,1303,1240,FENOC,GE,10-1974,12-1986,11-1987,91.8,91.8,-
us,USA,US-266,POINT BEACH-1,PWR,WH 2LP (DRYAMB,1800,640,591,NEXTERA,WH,07-1967,11-1970,12-1970,93,93,-
us,USA,US-301,POINT BEACH-2,PWR,WH 2LP (DRYAMB,1800,640,591,NEXTERA,WH,07-1968,08-1972,10-1972,93,93,-
us,USA,US-282,PRAIRIE ISLAND-1,PWR,WH 2LP (DRYAMB,1677,566,522,NSP,WH,06-1968,12-1973,12-1973,91.5,91.5,-
us,USA,US-306,PRAIRIE ISLAND-2,PWR,WH 2LP (DRYAMB,1677,560,519,NSP,WH,06-1969,12-1974,12-1974,87,87,-
us,USA,US-254,QUAD CITIES-1,BWR,BWR-3 (Mark 1),2957,940,908,EXELON,GE,02-1967,04-1972,02-1973,96.2,96.2,-
us,USA,US-265,QUAD CITIES-2,BWR,BWR-3 (Mark 1),2957,940,911,EXELON,GE,02-1967,05-1972,03-1973,95.8,95.8,-
us,USA,US-458,RIVER BEND-1,BWR,BWR-6 (Mark 3),3091,1016,967,ENTERGY,GE,03-1977,12-1985,06-1986,90.1,90.1,-
us,USA,US-261,ROBINSON-2,PWR,WH 3LP (DRYAMB,2339,780,741,PROGRESS,WH,04-1967,09-1970,03-1971,85.7,85.8,-
us,USA,US-272,SALEM-1,PWR,WH 4LP (DRYAMB,3459,1254,1169,PSEG,WH,09-1968,12-1976,06-1977,89,89.2,-
us,USA,US-311,SALEM-2,PWR,WH 4LP (DRYAMB,3459,1200,1158,PSEG,WH,09-1968,06-1981,10-1981,90.2,90.3,-
us,USA,US-443,SEABROOK-1,PWR,WH 4LP (DRYAMB,3648,1296,1246,NEXTERA,WH,07-1976,05-1990,08-1990,93.1,93.1,-
us,USA,US-327,SEQUOYAH-1,PWR,WH 4LP (ICECND,3455,1221,1152,TVA,WH,05-1970,07-1980,07-1981,89.5,89.7,-
us,USA,US-328,SEQUOYAH-2,PWR,WH 4LP (ICECND,3455,1200,1139,TVA,WH,05-1970,12-1981,06-1982,92,92,-
us,USA,US-498,SOUTH TEXAS-1,PWR,WH 4LP (DRYAMB,3853,1354,1280,STP,WH,12-1975,03-1988,08-1988,90.9,90.9,-
us,USA,US-499,SOUTH TEXAS-2,PWR,WH 4LP (DRYAMB,3853,1354,1280,STP,WH,12-1975,04-1989,06-1989,86.1,86.1,-
us,USA,US-335,ST. LUCIE-1,PWR,CE 2LP (DRYAMB,3020,1045,981,FPL,CE,07-1970,05-1976,12-1976,84.8,84.8,-
us,USA,US-389,ST. LUCIE-2,PWR,CE 2LP (DRYAMB,3020,1050,987,FPL,CE,06-1977,06-1983,08-1983,87.6,87.9,-
us,USA,US-395,SUMMER-1,PWR,WH 3LP (DRYAMB,2900,1006,973,SCE&G,WH,03-1973,11-1982,01-1984,89.5,89.5,-
us,USA,US-280,SURRY-1,PWR,WH 3LP (DRYSUB,2587,890,838,DOMINION,WH,06-1968,07-1972,12-1972,91.5,91.7,-
us,USA,US-281,SURRY-2,PWR,WH 3LP (DRYSUB,2587,890,838,DOMINION,WH,06-1968,03-1973,05-1973,92,92,-
us,USA,US-387,SUSQUEHANNA-1,BWR,BWR-4 (Mark 2),3952,1330,1257,PPL_SUSQ,GE,11-1973,11-1982,06-1983,87.9,87.9,-
us,USA,US-388,SUSQUEHANNA-2,BWR,BWR-4 (Mark 2),3952,1330,1257,PPL_SUSQ,GE,11-1973,07-1984,02-1985,90,90,-
us,USA,US-250,TURKEY POINT-3,PWR,WH 3LP (DRYAMB,2644,829,837,FPL,WH,04-1967,11-1972,12-1972,87.3,87.4,-
us,USA,US-251,TURKEY POINT-4,PWR,WH 3LP (DRYAMB,2644,829,821,FPL,WH,04-1967,06-1973,09-1973,89.9,89.9,-
us,USA,US-424,VOGTLE-1,PWR,WH 4LP (DRYAMB,3626,1229,1150,SOUTHERN,WH,08-1976,03-1987,06-1987,94.7,94.7,-
us,USA,US-425,VOGTLE-2,PWR,WH 4LP (DRYAMB,3626,1229,1152,SOUTHERN,WH,08-1976,04-1989,05-1989,94.5,94.5,-
us,USA,US-382,WATERFORD-3,PWR,CE 2LP (DRYAMB,3716,1250,1168,ENTERGY,CE,11-1974,03-1985,09-1985,89.1,89.3,-
us,USA,US-390,WATTS BAR-1,PWR,WH 4LP (ICECND,3459,1210,1157,TVA,WH,07-1973,02-1996,05-1996,90.2,90.2,-
us,USA,US-391,WATTS BAR-2,PWR,WH 4LP (ICECND,3411,1218,1164,TVA,WH,09-1973,06-2020,10-2020,79.8,79.8,-
us,USA,US-482,WOLF CREEK,PWR,WH 4LP (DRYAMB,3565,1285,1200,WCNOC,WH,05-1977,06-1985,09-1985,83.3,83.3,-
